{"cameraMode":{"drawMode":0,"name":"Shaded","section":"Shading Mode"},"sceneLighting":false,"audioPlay":false,"sceneViewState":{"m_AlwaysRefresh":false,"showFog":true,"showSkybox":false,"showFlares":true,"showImageEffects":true,"showParticleSystems":true,"showVisualEffectGraphs":true,"m_FxEnabled":true},"in2DMode":false,"pivot":{"x":3.721461296081543,"y":1.4340342283248902,"z":0.22381603717803956},"rotation":{"x":-0.000928970577660948,"y":0.9982591271400452,"z":-0.058781400322914126,"w":-0.022436702623963357},"size":1.574344277381897,"orthographic":false}