{"cameraMode":{"drawMode":0,"name":"Shaded","section":"Shading Mode"},"sceneLighting":false,"audioPlay":false,"sceneViewState":{"m_AlwaysRefresh":false,"showFog":true,"showSkybox":false,"showFlares":true,"showImageEffects":true,"showParticleSystems":true,"showVisualEffectGraphs":true,"m_FxEnabled":true},"in2DMode":false,"pivot":{"x":3.8640408515930177,"y":0.180379718542099,"z":-2.4460740089416506},"rotation":{"x":0.0010024826042354107,"y":0.9990746378898621,"z":0.013163265772163868,"w":-0.046434298157691959},"size":1.574344277381897,"orthographic":false}