{"cameraMode":{"drawMode":0,"name":"Shaded","section":"Shading Mode"},"sceneLighting":true,"audioPlay":false,"sceneViewState":{"m_AlwaysRefresh":false,"showFog":true,"showSkybox":true,"showFlares":true,"showImageEffects":true,"showParticleSystems":true,"showVisualEffectGraphs":true,"m_FxEnabled":true},"in2DMode":false,"pivot":{"x":1.5121885538101197,"y":0.8124138712882996,"z":-5.768284320831299},"rotation":{"x":0.00024586194194853306,"y":-1.0002652406692505,"z":-0.008695678785443306,"w":0.006369763985276222},"size":5.169238090515137,"orthographic":false}